{
  "_id": {
    "$numberLong": "3380240722915015011"
  },
  "objectId": "ZTF26aarabyi",
  "candidate": {
    "jd": 2461134.7407292,
    "fid": 3,
    "pid": {
      "$numberLong": "3380240722915"
    },
    "diffmaglim": 19.24100685119629,
    "programpi": "Kasliwal/Graham",
    "programid": 1,
    "candid": {
      "$numberLong": "3380240722915015011"
    },
    "isdiffpos": true,
    "nid": 3380,
    "rcid": 29,
    "field": 468,
    "ra": 147.8024,
    "dec": 4.153344,
    "magpsf": 16.56389617919922,
    "sigmapsf": 0.091704361140728,
    "chipsf": 22.37507438659668,
    "magap": 16.465599060058594,
    "sigmagap": 0.024299999698996544,
    "distnr": 13.747621536254883,
    "magnr": 20.951000213623047,
    "sigmagnr": 0.1599999964237213,
    "chinr": 1.6109999418258667,
    "sharpnr": -0.0729999989271164,
    "sky": 0.8054003119468689,
    "fwhm": 3.490000009536743,
    "classtar": 0.9490000009536743,
    "mindtoedge": 867.1220703125,
    "seeratio": 0.9454739093780518,
    "aimage": 1.2450000047683716,
    "bimage": 1.0670000314712524,
    "elong": 1.166822910308838,
    "nneg": 0,
    "nbad": 0,
    "rb": 0.6342856884002686,
    "ssdistnr": -999,
    "ssmagnr": -999,
    "ranr": 147.7987704,
    "decnr": 4.1519889,
    "sgmag1": -999,
    "srmag1": 21.885400772094727,
    "simag1": 21.034900665283203,
    "szmag1": 20.80030059814453,
    "sgscore1": 0.020208299160003662,
    "distpsnr1": 13.719297409057617,
    "ndethist": 1,
    "ncovhist": 3496,
    "jdstarthist": 2461134.7407292,
    "scorr": 53.8233184814453,
    "sgmag2": -999,
    "srmag2": 21.847200393676758,
    "simag2": -999,
    "szmag2": -999,
    "sgscore2": 0.008750000037252903,
    "distpsnr2": 21.02547264099121,
    "sgmag3": -999,
    "srmag3": 21.772300720214844,
    "simag3": 21.008100509643555,
    "szmag3": 20.601900100708008,
    "sgscore3": 0.011458300054073334,
    "distpsnr3": 22.206161499023438,
    "nmtchps": 4,
    "dsnrms": 51.278594970703125,
    "ssnrms": 94.40794372558594,
    "dsdiff": -43.12934875488281,
    "magzpsci": 25.715896606445312,
    "magzpsciunc": 0.000005716699888580479,
    "magzpscirms": 0.06172800064086914,
    "zpmed": 25.774499893188477,
    "exptime": 30,
    "drb": 0.9969900846481323,
    "clrcoeff": 0.19266299903392792,
    "clrcounc": 0.000024817300072754733,
    "neargaia": 66.30042266845703,
    "maggaia": 14.581371307373047,
    "neargaiabright": -999,
    "maggaiabright": -999,
    "psfFlux": 859886911488,
    "psfFluxErr": 72628494336,
    "snr_psf": 11.83952522277832,
    "apFlux": 941370048512,
    "apFluxErr": 21068924928,
    "snr_ap": 44.68050003051758,
    "band": "i"
  },
  "coordinates": {
    "radec_geojson": {
      "type": "Point",
      "coordinates": [
        -32.197599999999994,
        4.153344
      ]
    },
    "l": -127.07825351965289,
    "b": 41.30470581445952
  },
  "created_at": 2461134.760324074,
  "updated_at": 2461134.760324074,
  "classifications": {
    "acai_h": 0.000873863697052002,
    "acai_n": 0.00024455785751342773,
    "acai_v": 1.1920928955078125e-7,
    "acai_o": 0.9958363771438599,
    "acai_b": 0.010611474514007568,
    "btsbot": 0.9998981952667236,
    "cider_img_nuclear": 0,
    "cider_img_snI": 0,
    "cider_img_snII": 1,
    "cider_img_cataclysmic": 6.381113221371262e-14,
    "cider_photo_snI": 0.10788200795650482,
    "cider_photo_snII": 0.08380049467086792,
    "cider_photo_cataclysmic": 0.11756136268377304,
    "cider_photo_agn": 0.6882181167602539,
    "cider_photo_tde": 0.0025380789302289486
  },
  "properties": {
    "rock": false,
    "star": false,
    "near_brightstar": false,
    "stationary": true,
    "photstats": {
      "g": null,
      "r": null,
      "i": {
        "peak_jd": 2461134.7407292,
        "peak_mag": 16.56389617919922,
        "peak_mag_err": 0.091704361140728,
        "dt": 14.911921501159668,
        "rising": {
          "rate": -0.29658687114715576,
          "rate_error": 0.02319892682135105,
          "red_chi2": {
            "$numberDouble": "NaN"
          },
          "nb_data": 2,
          "dt": 14.911921501159668
        },
        "fading": null
      },
      "z": null,
      "y": null,
      "u": null
    },
    "multisurvey_photstats": {
      "g": null,
      "r": null,
      "i": {
        "peak_jd": 2461134.7407292,
        "peak_mag": 16.56389617919922,
        "peak_mag_err": 0.091704361140728,
        "dt": 14.911921501159668,
        "rising": {
          "rate": -0.29658687114715576,
          "rate_error": 0.02319892682135105,
          "red_chi2": {
            "$numberDouble": "NaN"
          },
          "nb_data": 2,
          "dt": 14.911921501159668
        },
        "fading": null
      },
      "z": null,
      "y": null,
      "u": null
    }
  }
}