{
  "_id": {
    "$numberLong": "3388210786315015009"
  },
  "objectId": "ZTF26aasktra",
  "candidate": {
    "jd": 2461142.710787,
    "fid": 1,
    "pid": {
      "$numberLong": "3388210786315"
    },
    "diffmaglim": 20.163448333740234,
    "programpi": "Prince",
    "programid": 3,
    "candid": {
      "$numberLong": "3388210786315015009"
    },
    "isdiffpos": true,
    "nid": 3388,
    "rcid": 63,
    "field": 367,
    "ra": 157.9421588,
    "dec": -7.6680767,
    "magpsf": 19.891538619995117,
    "sigmapsf": 0.20051974058151245,
    "chipsf": 1.2720085382461548,
    "magap": 19.680700302124023,
    "sigmagap": 0.2084999978542328,
    "distnr": 17.848791122436523,
    "magnr": 22.1510009765625,
    "sigmagnr": 0.3440000116825104,
    "chinr": 1.0219999551773071,
    "sharpnr": 0.07699999958276749,
    "sky": -0.756556510925293,
    "fwhm": 3.569999933242798,
    "classtar": 0.8429999947547913,
    "mindtoedge": 535.0604858398438,
    "seeratio": 0.8447328209877014,
    "aimage": 1.0950000286102295,
    "bimage": 1.0379999876022339,
    "elong": 1.0549132823944092,
    "nneg": 2,
    "nbad": 0,
    "rb": 0.43857142329216003,
    "ssdistnr": 2,
    "ssmagnr": 19.600000381469727,
    "ssnamenr": "263135",
    "ranr": 157.9381786,
    "decnr": -7.6711808,
    "sgmag1": -999,
    "srmag1": 21.97410011291504,
    "simag1": 21.713899612426758,
    "szmag1": 21.07659912109375,
    "sgscore1": 0.22360099852085114,
    "distpsnr1": 4.2578535079956055,
    "ndethist": 5,
    "ncovhist": 1500,
    "jdstarthist": 2461142.7089005,
    "scorr": 9.21090316772461,
    "sgmag2": 22.087900161743164,
    "srmag2": 21.216100692749023,
    "simag2": 20.578500747680664,
    "szmag2": 20.417499542236328,
    "sgscore2": 0.017000000923871994,
    "distpsnr2": 18.69491195678711,
    "sgmag3": -999,
    "srmag3": 20.5231990814209,
    "simag3": 20.658899307250977,
    "szmag3": 20.434099197387695,
    "sgscore3": 0.5,
    "distpsnr3": 19.314363479614258,
    "nmtchps": 8,
    "dsnrms": 4.359828948974609,
    "ssnrms": 10.183237075805664,
    "dsdiff": -5.823408126831055,
    "magzpsci": 26.220537185668945,
    "magzpsciunc": 0.000018678199921851046,
    "magzpscirms": 0.03849299997091293,
    "zpmed": 26.20400047302246,
    "exptime": 30,
    "drb": 0.9978983998298645,
    "clrcoeff": -0.02990500070154667,
    "clrcounc": 0.000030813898774795234,
    "neargaia": 38.266143798828125,
    "maggaia": 19.84142303466797,
    "neargaiabright": -999,
    "maggaiabright": -999,
    "psfFlux": 40122167296,
    "psfFluxErr": 7409982464,
    "snr_psf": 5.414609909057617,
    "apFlux": 48721391616,
    "apFluxErr": 9356241920,
    "snr_ap": 5.207367897033691,
    "band": "g"
  },
  "coordinates": {
    "radec_geojson": {
      "type": "Point",
      "coordinates": [
        -22.057841200000013,
        -7.6680767
      ]
    },
    "l": -106.2883816940451,
    "b": 41.483307637881296
  },
  "created_at": 2461142.718738426,
  "updated_at": 2461142.718738426,
  "classifications": {
    "acai_h": 0.023732364177703857,
    "acai_n": 0.0019336342811584473,
    "acai_v": 0.0003521442413330078,
    "acai_o": 0.9965749382972717,
    "acai_b": 0.001147627830505371,
    "btsbot": 0.01594400405883789,
    "cider_img_nuclear": 0,
    "cider_img_snI": 0,
    "cider_img_snII": 1,
    "cider_img_cataclysmic": 1.1696359272488229e-15,
    "cider_photo_snI": 0.08294538408517838,
    "cider_photo_snII": 0.0426623597741127,
    "cider_photo_cataclysmic": 0.32240477204322815,
    "cider_photo_agn": 0.5516167283058167,
    "cider_photo_tde": 0.0003707476716954261
  },
  "properties": {
    "rock": true,
    "star": false,
    "near_brightstar": false,
    "stationary": false,
    "photstats": {
      "g": {
        "peak_jd": 2461142.7103125,
        "peak_mag": 19.874900817871094,
        "peak_mag_err": 0.1548669934272766,
        "dt": 0.005185100249946117,
        "rising": null,
        "fading": null
      },
      "r": null,
      "i": null,
      "z": null,
      "y": null,
      "u": null
    },
    "multisurvey_photstats": {
      "g": {
        "peak_jd": 2461142.7103125,
        "peak_mag": 19.874900817871094,
        "peak_mag_err": 0.1548669934272766,
        "dt": 0.005185100249946117,
        "rising": null,
        "fading": null
      },
      "r": null,
      "i": null,
      "z": null,
      "y": null,
      "u": null
    }
  }
}